-- 1.
INSERT INTO Uzivatel (jmeno, prijmeni, username, heslo) VALUES
('Lukáš', 'Novák', 'lukas', 'heslo1'),
('Petr', 'Svoboda', 'petr', 'heslo2'),
('Anna', 'Dvořáková', 'anna', 'heslo3'),
('Karel', 'Beneš', 'karel', 'heslo4');

-- 2.
INSERT INTO Chata (jmeno, cena, zacatek, konec, kapacita) VALUES
('Chata U Lesa', 2500.00, '2025-07-10 15:00:00', '2025-07-15 10:00:00', 20),
('Horská Chata Medvěd', 3200.00, '2025-08-01 14:00:00', '2025-08-07 11:00:00', 15);

-- 3.
INSERT INTO Ucastnik (idUzivatel, idChaty, zaplatil) VALUES
(1, 1, TRUE),
(2, 1, FALSE),
(3, 1, TRUE),
(4, 2, TRUE),
(1, 2, FALSE);

-- 4.
INSERT INTO Den (idChaty, datum) VALUES
(1, '2025-07-11'),
(1, '2025-07-12'),
(1, '2025-07-13'),
(2, '2025-08-02'),
(2, '2025-08-03');

-- 5.
INSERT INTO Mistnost (idChaty, nazevMistnosti, zatahujeNaNoc) VALUES
(1, 'Ložnice 1', TRUE),
(1, 'Ložnice 2', FALSE),
(1, 'Obývák', FALSE),
(2, 'Hlavní pokoj', TRUE),
(2, 'Podkroví', TRUE);

-- 6.
INSERT INTO Typ (jmeno) VALUES
('Postel'),
('Matrace'),
('Karimatka'),
('Houpací síť');

-- 7.
INSERT INTO Misto (idMistnosti, idUcastnik, idTyp) VALUES
(1, 1, 1),
(1, 2, 2),
(2, 3, 1),
(4, 4, 3),
(5, 5, 2);

-- 8.
INSERT INTO Akce (nazev, popis, casOD, casDO, cenaNavic) VALUES
('Výlet na rozhlednu', 'Pěší túra', '2025-07-12 09:00:00', '2025-07-12 14:00:00', 150.00),
('Grilování', 'Večerní grilovačka', '2025-07-12 18:00:00', NULL, NULL),
('Sauna', 'Relax v sauně', '2025-08-03 20:00:00', '2025-08-03 22:00:00', 200.00);

-- 9.
INSERT INTO UcastnikAkce (idUcastnik, idAkce) VALUES
(1, 1),
(2, 1),
(3, 2),
(4, 3),
(5, 3);

-- 10.
INSERT INTO Role (nazev) VALUES
('Vedoucí'),
('Kuchař'),
('Úklid'),
('Zdravotník');

-- 11.
INSERT INTO RoleUcastnik (idUcastnik, idRole) VALUES
(1, 1),
(2, 3),
(3, 2),
(4, 4),
(5, 3);

-- 12.
INSERT INTO Ukoly (nazev, popis, idUcastnik, idDen, splneno) VALUES
('Uklidit kuchyň', 'Po snídani', 2, 1, FALSE),
('Připravit oheň', NULL, 3, 2, TRUE),
('Nákup potravin', 'Před večeří', 1, 1, TRUE),
('Zkontrolovat lékárničku', NULL, 4, 4, FALSE);

-- 13.
INSERT INTO Program (idDen, nazev, popis, casZacatku, casKonce) VALUES
(1, 'Snídaně', NULL, '2025-07-11 08:00:00', '2025-07-11 09:00:00'),
(1, 'Hry v lese', 'Týmové aktivity', '2025-07-11 10:00:00', '2025-07-11 12:00:00'),
(4, 'Příjezd', NULL, '2025-08-02 14:00:00', '2025-08-02 15:00:00');

-- 14.
INSERT INTO Vlakno (nazev, idChaty) VALUES
('Organizace', 1),
('Volná diskuze', 1),
('Sauna plán', 2);

-- 15.
INSERT INTO Zprava (idUcastnik, idVlakno, content) VALUES
(1, 1, 'Ahoj, kdo bere auto?'),
(2, 1, 'Já můžu vzít auto.'),
(3, 2, 'Těším se na chatu!'),
(4, 3, 'Kdo jde dnes do sauny?');

-- 16.
INSERT INTO PrihlasenyUZ (dateTimePrihlaseni, token, idUzivatel) VALUES
('2025-06-01 12:00:00', 'token123', 1),
('2025-06-01 12:05:00', 'token456', 2),
('2025-06-02 09:30:00', 'token789', 3);
